{
  "inputMean": [
    1350.115234375,
    47.20750045776367,
    7.512267112731934,
    12.220999717712402,
    117.93362426757812,
    91.00715637207031
  ],
  "inputStd": [
    229.07249450683594,
    25.60332489013672,
    4.612558364868164,
    26.4770450592041,
    20.301420211791992,
    6.93910551071167
  ],
  "outputMean": [
    22.989564895629883
  ],
  "outputStd": [
    13.324365615844727
  ]
}